-- ==========================================
-- Categories
-- ==========================================
insert into categories(id, name, price_per_hour)
values (1, 'NORMAL', 10000),
       (2, 'VIP', 15000),
       (3, 'VVIP', 20000);

-- ==========================================
-- Users (password = bcrypt of '123456' placeholder, using plain for H2 demo)
-- ==========================================
insert into users(id, username, full_name, password, balance, category_id)
values (1, 'hblab', 'HB Lab User', '123456', 500000, 1),
       (2, 'user_1', 'Nguyen Van A', '123456', 300000, 1),
       (3, 'user_2', 'Tran Thi B', '123456', 450000, 2),
       (4, 'user_3', 'Le Van C', '123456', 200000, 1),
       (5, 'user_4', 'Pham Thi D', '123456', 600000, 3),
       (6, 'user_5', 'Hoang Van E', '123456', 350000, 2),
       (7, 'user_6', 'Do Thi F', '123456', 250000, 1),
       (8, 'user_7', 'Vu Van G', '123456', 400000, 2),
       (9, 'user_8', 'Bui Thi H', '123456', 150000, 1),
       (10, 'user_9', 'Dang Van I', '123456', 550000, 3),
       (11, 'user_10', 'Ngo Thi K', '123456', 280000, 1),
       (12, 'user_11', 'Trinh Van L', '123456', 320000, 2),
       (13, 'user_12', 'Mai Thi M', '123456', 180000, 1),
       (14, 'user_13', 'Cao Van N', '123456', 420000, 2),
       (15, 'user_14', 'Ly Thi O', '123456', 700000, 3),
       (16, 'user_15', 'Duong Van P', '123456', 160000, 1),
       (17, 'user_16', 'Tong Thi Q', '123456', 380000, 2),
       (18, 'user_17', 'Lam Van R', '123456', 220000, 1),
       (19, 'user_18', 'Dinh Thi S', '123456', 480000, 3),
       (20, 'user_19', 'Ha Van T', '123456', 130000, 1),
       (21, 'user_20', 'Truong Thi U', '123456', 360000, 2);

-- ==========================================
-- User Balance Transactions (initial deposits)
-- ==========================================
insert into user_balance_transactions(user_id, amount, type, description)
values (1, 500000, 1, 'Initial deposit'),
       (2, 300000, 1, 'Initial deposit'),
       (3, 450000, 1, 'Initial deposit'),
       (4, 200000, 1, 'Initial deposit'),
       (5, 600000, 1, 'Initial deposit'),
       (6, 350000, 1, 'Initial deposit'),
       (7, 250000, 1, 'Initial deposit'),
       (8, 400000, 1, 'Initial deposit'),
       (9, 150000, 1, 'Initial deposit'),
       (10, 550000, 1, 'Initial deposit'),
       (11, 280000, 1, 'Initial deposit'),
       (12, 320000, 1, 'Initial deposit'),
       (13, 180000, 1, 'Initial deposit'),
       (14, 420000, 1, 'Initial deposit'),
       (15, 700000, 1, 'Initial deposit'),
       (16, 160000, 1, 'Initial deposit'),
       (17, 380000, 1, 'Initial deposit'),
       (18, 220000, 1, 'Initial deposit'),
       (19, 480000, 1, 'Initial deposit'),
       (20, 130000, 1, 'Initial deposit'),
       (21, 360000, 1, 'Initial deposit');

-- ==========================================
-- Sessions
-- ==========================================
insert into sessions(user_id, category_id, start_time, end_time, price_per_hour, status)
values (1, 1, '2025-10-01 08:00:00', '2025-10-01 11:00:00', 10000, 2),
       (3, 2, '2025-10-02 09:00:00', '2025-10-02 12:30:00', 15000, 2),
       (5, 3, '2025-10-03 10:00:00', null, 20000, 1);

-- ==========================================
-- Items (Food & Drink - with item_type)
-- ==========================================
insert into items(id, name, price, item_type)
values (1, 'Xúc xích CP 40g', 5000, 1),
       (2, 'Mỳ tôm ly Hảo Hảo', 10000, 1),
       (3, 'Mè xửng Huế', 18000, 1),
       (4, 'Bánh đậu xanh Bảo Đại', 12000, 1),
       (5, 'Bánh tráng sữa', 15000, 1),
       (6, 'Bánh pía Sóc Trăng', 25000, 1),
       (7, 'Coconut candy', 22000, 1),
       (8, 'Bánh tráng trộn', 15000, 1),
       (9, 'Bánh tét', 30000, 1),
       (10, 'Chuối nếp nướng', 20000, 1),
       (11, 'Bánh giò', 18000, 1),
       (12, 'Chả giò', 20000, 1),
       (13, 'Chả lụa', 25000, 1),
       (14, 'Bánh pate sô', 17000, 1),
       (15, 'Prawn crackers', 15000, 1),
       (16, 'Rice paper wrappers', 10000, 1),
       (17, 'Red Boat fish sauce', 40000, 1),
       (18, 'Three Ladies rice paper', 12000, 1),
       (19, 'Maggi seasoning (nắp đỏ)', 35000, 1),
       (20, 'Fried garlic topping', 25000, 1),
       (21, 'Bánh phồng tôm vị tỏi', 16000, 1),
       (22, 'Bánh phồng tôm vị ngọt', 16000, 1),
       (23, 'Cơm cháy chà bông cay', 21000, 1),
       (24, 'Cơm cháy chà bông mặn', 21000, 1),
       (25, 'Mè xửng vị truyền thống', 19000, 1),
       (26, 'Mè xửng vị sầu riêng', 20000, 1),
       (27, 'Bánh đậu xanh mini', 13000, 1),
       (28, 'Bánh đậu xanh hộp lớn', 30000, 1),
       (29, 'Bánh tráng sữa Bến Tre', 15000, 1),
       (30, 'Bánh tráng sữa mềm', 15000, 1),
       (31, 'Trà đá', 3000, 2),
       (32, 'Trà nóng', 5000, 2),
       (33, 'Cà phê đen đá', 15000, 2),
       (34, 'Cà phê đen nóng', 15000, 2),
       (35, 'Cà phê sữa đá', 18000, 2),
       (36, 'Cà phê sữa nóng', 18000, 2),
       (37, 'Bạc xỉu', 20000, 2),
       (38, 'Nước cam tươi', 25000, 2),
       (39, 'Nước ép dưa hấu', 20000, 2),
       (40, 'Sinh tố bơ', 25000, 2),
       (41, 'Sinh tố dâu', 25000, 2),
       (42, 'Trà đào', 22000, 2),
       (43, 'Trà vải', 22000, 2),
       (44, 'Trà chanh', 15000, 2),
       (45, 'Coca Cola', 12000, 2),
       (46, 'Pepsi', 12000, 2),
       (47, '7 Up', 12000, 2),
       (48, 'Sting', 10000, 2),
       (49, 'Red Bull', 15000, 2),
       (50, 'Nước suối', 5000, 2);

-- ==========================================
-- Cart items
-- ==========================================
insert into cart_item(user_id, item_id, quantity)
values (1, 1, 3),
       (1, 33, 2),
       (3, 5, 1),
       (3, 35, 2);

-- ==========================================
-- Orders
-- ==========================================
INSERT INTO orders(user_id, order_status, discount, order_date, total_amount)
VALUES (1, 1, 0, '2024-06-04', 69600),
       (1, 2, 0, '2024-06-04', 5000),
       (1, 2, 1000, '2024-06-04', 9000),
       (1, 2, 0, '2024-06-04', 20000),
       (1, 3, 0, '2024-06-04', 15000),
       (4, 1, 0, '2024-06-05', 300678),
       (9, 1, 2000, '2024-06-12', 462670),
       (15, 1, 500, '2024-06-19', 392035),
       (2, 1, 0, '2024-06-26', 249459),
       (7, 1, 1000, '2024-07-03', 215396),
       (10, 1, 750, '2024-07-10', 1196633),
       (3, 1, 1500, '2024-07-17', 762750),
       (18, 1, 300, '2024-07-24', 657893),
       (6, 1, 2000, '2024-07-31', 923741),
       (11, 1, 1800, '2024-08-07', 1174218),
       (8, 1, 0, '2024-08-14', 889430),
       (12, 1, 1200, '2024-08-21', 1199706),
       (13, 1, 300, '2024-08-28', 1333900),
       (14, 1, 600, '2024-09-04', 1320467),
       (17, 1, 1700, '2024-09-11', 340323),
       (16, 1, 0, '2024-09-18', 385033),
       (5, 1, 500, '2024-09-25', 1452014),
       (19, 1, 200, '2024-10-02', 298520),
       (21, 1, 800, '2024-10-09', 1107327),
       (20, 1, 100, '2024-10-16', 325615),
       (7, 1, 1500, '2024-10-23', 1352609),
       (9, 1, 0, '2024-10-30', 1492174),
       (4, 1, 1300, '2024-11-06', 1459267),
       (2, 1, 300, '2024-11-13', 1467661),
       (15, 1, 1600, '2024-11-20', 173923),
       (6, 1, 700, '2024-11-27', 779611),
       (8, 1, 2000, '2024-12-04', 1501506),
       (11, 1, 1100, '2024-12-11', 1305019),
       (14, 1, 900, '2024-12-18', 454506),
       (18, 1, 1400, '2024-12-25', 1260543),
       (3, 2, 0, '2025-01-01', 0),
       (5, 2, 700, '2025-01-08', 302096),
       (10, 2, 1600, '2025-01-15', 2021738),
       (16, 2, 500, '2025-01-22', 1563747),
       (19, 2, 2000, '2025-01-29', 1564649),
       (12, 3, 1200, '2025-02-05', 0),
       (17, 3, 0, '2025-02-12', 0),
       (20, 3, 1800, '2025-02-19', 0),
       (13, 3, 200, '2025-02-26', 0),
       (21, 3, 900, '2025-03-05', 0);

-- ==========================================
-- Order Items
-- ==========================================
INSERT INTO order_item(order_id, item_id, quantity, price)
VALUES (1, 1, 10, 4900),
       (1, 2, 2, 9900),
       (2, 1, 1, 5000),
       (3, 1, 1, 10000),
       (4, 1, 4, 5000),
       (5, 1, 1, 5000),
       (5, 33, 1, 10000),
       (6, 29, 21, 14318),
       (7, 14, 27, 17210),
       (8, 9, 13, 30195),
       (9, 1, 12, 5175),
       (9, 2, 7, 9897),
       (9, 3, 10, 18037),
       (10, 4, 18, 12022),
       (11, 5, 20, 14594),
       (11, 9, 7, 29775),
       (11, 15, 17, 14660),
       (11, 21, 12, 16183),
       (11, 27, 2, 12850),
       (11, 31, 19, 3000),
       (11, 37, 10, 20000),
       (11, 43, 8, 22000),
       (11, 49, 19, 15000),
       (11, 33, 12, 15000),
       (12, 7, 13, 21915),
       (12, 13, 19, 24190),
       (12, 19, 1, 35249),
       (12, 23, 15, 21182),
       (12, 29, 15, 15291),
       (12, 35, 10, 18000),
       (12, 41, 1, 25000),
       (12, 45, 19, 12000),
       (13, 2, 8, 10292),
       (13, 8, 11, 15403),
       (13, 14, 3, 17094),
       (13, 15, 14, 15638),
       (13, 24, 7, 20627),
       (13, 30, 2, 15286),
       (13, 36, 10, 18000),
       (13, 40, 9, 25000),
       (13, 46, 1, 12000),
       (14, 1, 10, 5214),
       (14, 7, 7, 21102),
       (14, 17, 2, 41725),
       (14, 18, 7, 12056),
       (14, 23, 10, 20563),
       (14, 29, 2, 15553),
       (14, 33, 15, 15000),
       (14, 39, 12, 20000),
       (14, 45, 12, 12000),
       (15, 5, 8, 14457),
       (15, 7, 10, 22444),
       (15, 11, 10, 18567),
       (15, 21, 14, 16187),
       (15, 27, 20, 12826),
       (15, 33, 2, 15000),
       (15, 37, 10, 20000),
       (15, 43, 2, 22000),
       (15, 49, 17, 15000),
       (16, 5, 13, 14594),
       (16, 11, 18, 18635),
       (16, 17, 10, 38870),
       (16, 21, 15, 15682),
       (16, 27, 2, 12615),
       (16, 33, 3, 15000),
       (16, 39, 13, 20000),
       (16, 43, 8, 22000),
       (16, 49, 19, 15000),
       (17, 2, 8, 9713),
       (17, 12, 19, 20059),
       (17, 18, 16, 11956),
       (17, 24, 10, 21899),
       (17, 28, 7, 30128),
       (17, 34, 15, 15000),
       (17, 40, 13, 25000),
       (17, 46, 19, 12000),
       (17, 50, 4, 5000),
       (18, 3, 16, 17799),
       (18, 9, 14, 30342),
       (18, 12, 19, 19996),
       (18, 19, 7, 34509),
       (18, 25, 20, 19572),
       (18, 31, 1, 3000),
       (18, 35, 16, 18000),
       (18, 41, 19, 25000),
       (18, 47, 10, 12000),
       (19, 10, 16, 20353),
       (19, 16, 9, 9906),
       (19, 22, 12, 15730),
       (19, 26, 8, 20108),
       (19, 32, 19, 5000),
       (19, 38, 7, 25000),
       (19, 44, 1, 15000),
       (19, 48, 12, 10000),
       (20, 10, 17, 20119),
       (21, 19, 11, 35003),
       (22, 6, 10, 25287),
       (22, 12, 19, 20641),
       (22, 22, 14, 16104),
       (22, 28, 13, 30737),
       (22, 34, 16, 15000),
       (22, 38, 14, 25000),
       (22, 44, 2, 15000),
       (22, 50, 4, 5000),
       (23, 5, 20, 14936),
       (24, 3, 19, 17565),
       (24, 13, 1, 24651),
       (24, 19, 13, 34091),
       (24, 25, 20, 18408),
       (24, 29, 20, 14856),
       (24, 35, 14, 18000),
       (24, 41, 14, 25000),
       (24, 47, 8, 12000),
       (25, 13, 13, 25055),
       (26, 8, 18, 15474),
       (26, 14, 2, 16738),
       (26, 20, 11, 23789),
       (26, 24, 1, 21252),
       (26, 30, 2, 15003),
       (26, 36, 10, 18000),
       (26, 42, 17, 22000),
       (26, 46, 17, 12000),
       (27, 3, 19, 18485),
       (27, 9, 9, 31393),
       (27, 15, 11, 14264),
       (27, 16, 16, 10245),
       (27, 25, 9, 18239),
       (27, 31, 14, 3000),
       (27, 37, 10, 20000),
       (27, 41, 19, 25000),
       (27, 47, 10, 12000),
       (28, 6, 16, 25281),
       (28, 16, 17, 9884),
       (28, 22, 18, 16641),
       (28, 28, 11, 30799),
       (28, 32, 17, 5000),
       (28, 38, 10, 25000),
       (28, 44, 1, 15000),
       (28, 50, 10, 5000),
       (29, 6, 18, 24003),
       (29, 8, 11, 15152),
       (29, 12, 15, 20288),
       (29, 18, 1, 12051),
       (29, 28, 17, 30366),
       (29, 34, 18, 15000),
       (29, 40, 16, 25000),
       (29, 44, 9, 15000),
       (29, 50, 20, 5000),
       (30, 22, 11, 15993),
       (31, 1, 1, 4811),
       (31, 11, 13, 18274),
       (31, 17, 14, 38356),
       (31, 23, 10, 20703),
       (31, 27, 20, 12727),
       (31, 33, 3, 15000),
       (31, 39, 10, 20000),
       (31, 45, 18, 12000),
       (31, 49, 13, 15000),
       (32, 2, 10, 10074),
       (32, 8, 3, 14947),
       (32, 18, 1, 11843),
       (32, 24, 7, 21016),
       (32, 30, 16, 14725),
       (32, 34, 4, 15000),
       (32, 40, 18, 25000),
       (32, 46, 13, 12000),
       (33, 20, 18, 25251),
       (34, 11, 17, 18362),
       (35, 1, 15, 4799),
       (35, 7, 18, 22718),
       (35, 13, 14, 24041),
       (35, 23, 14, 21542),
       (35, 29, 10, 14759),
       (35, 35, 12, 18000),
       (35, 39, 18, 20000),
       (35, 45, 12, 12000),
       (36, 4, 19, 11528),
       (36, 14, 18, 17291),
       (36, 20, 13, 25056),
       (36, 26, 1, 19996),
       (36, 30, 20, 15124),
       (36, 36, 17, 18000),
       (36, 42, 19, 22000),
       (36, 48, 14, 10000),
       (37, 6, 12, 25208),
       (38, 9, 2, 29013),
       (38, 15, 14, 15124),
       (38, 21, 16, 15993),
       (38, 25, 19, 19688),
       (38, 31, 17, 3000),
       (38, 37, 10, 20000),
       (38, 43, 10, 22000),
       (38, 47, 9, 12000),
       (39, 4, 18, 12051),
       (39, 10, 16, 20188),
       (39, 14, 19, 17409),
       (39, 20, 13, 25893),
       (39, 26, 12, 19139),
       (39, 32, 13, 5000),
       (39, 36, 6, 18000),
       (39, 42, 6, 22000),
       (39, 48, 16, 10000),
       (40, 4, 3, 11463),
       (40, 10, 10, 19746),
       (40, 16, 11, 10300),
       (40, 17, 14, 38166),
       (40, 26, 6, 20120),
       (40, 32, 11, 5000),
       (40, 38, 1, 25000),
       (40, 42, 19, 22000),
       (40, 48, 13, 10000),
       (40, 50, 16, 5000);

