insert into items(id, name, price)
values (1, 'Xúc xích CP 40g', 5000),
       (2, 'Mỳ tôm ly Hảo Hảo', 10000),
       (3, 'Mè xửng Huế', 18000),
       (4, 'Bánh đậu xanh Bảo Đại', 12000),
       (5, 'Bánh tráng sữa', 15000),
       (6, 'Bánh pía Sóc Trăng', 25000),
       (7, 'Coconut candy', 22000),
       (8, 'Bánh tráng trộn', 15000),
       (9, 'Bánh tét', 30000),
       (10, 'Chuối nếp nướng', 20000),
       (11, 'Bánh giò', 18000),
       (12, 'Chả giò', 20000),
       (13, 'Chả lụa', 25000),
       (14, 'Bánh pate sô', 17000),
       (15, 'Prawn crackers', 15000),
       (16, 'Rice paper wrappers', 10000),
       (17, 'Red Boat fish sauce', 40000),
       (18, 'Three Ladies rice paper', 12000),
       (19, 'Maggi seasoning (nắp đỏ)', 35000),
       (20, 'Fried garlic topping', 25000),
       (21, 'Bánh phồng tôm vị tỏi', 16000),
       (22, 'Bánh phồng tôm vị ngọt', 16000),
       (23, 'Cơm cháy chà bông cay', 21000),
       (24, 'Cơm cháy chà bông mặn', 21000),
       (25, 'Mè xửng vị truyền thống', 19000),
       (26, 'Mè xửng vị sầu riêng', 20000),
       (27, 'Bánh đậu xanh mini', 13000),
       (28, 'Bánh đậu xanh hộp lớn', 30000),
       (29, 'Bánh tráng sữa Bến Tre', 15000),
       (30, 'Bánh tráng sữa mềm', 15000),
       (31, 'Bánh pía khoai môn', 26000),
       (32, 'Bánh pía sầu riêng', 27000),
       (33, 'Coconut candy dừa sấy', 23000),
       (34, 'Coconut candy cuộn', 23000),
       (35, 'Bánh tráng trộn mini', 16000),
       (36, 'Bánh tráng trộn lớn', 22000),
       (37, 'Bánh tét mặn', 31000),
       (38, 'Bánh tét chuối', 30000),
       (39, 'Chuối nếp nướng lá dứa', 21000),
       (40, 'Chuối nếp nướng truyền thống', 20000),
       (41, 'Bánh giò nhân thịt', 19000),
       (42, 'Bánh giò chay', 18000),
       (43, 'Chả giò thịt', 21000),
       (44, 'Chả giò tôm', 22000),
       (45, 'Chả lụa truyền thống', 26000),
       (46, 'Chả lụa chả bò', 27000),
       (47, 'Pate sô nhân thịt', 18000),
       (48, 'Pate sô nhân phô mai', 19000),
       (49, 'Prawn crackers vị truyền thống', 16000),
       (50, 'Prawn crackers vị tôm', 16000),
       (51, 'Nước mắm Red Boat 500ml', 45000),
       (52, 'Nước mắm Red Boat 750ml', 65000),
       (53, 'Maggi seasoning 500ml', 36000),
       (54, 'Maggi seasoning 1L', 60000),
       (55, 'Tỏi phi lọ 100g', 26000),
       (56, 'Tỏi phi lọ 200g', 45000),
       (57, 'Three Ladies rice paper 100g', 13000),
       (58, 'Three Ladies rice paper 200g', 23000),
       (59, 'Snack box Việt Nam', 80000),
       (60, 'Snack box mini', 40000);

insert into cart_item(user_id, item_id, quantity)
values ('hblab', 1, 3),
       ('hblab', 2, 5);

INSERT INTO orders(user_id, order_status, discount, order_date)
VALUES ('hblab', 1, 0, '2024-06-04'),
       ('hblab', 2, 0, '2024-06-04'),
       ('hblab', 2, 1000, '2024-06-04'),
       ('hblab', 2, 0, '2024-06-04'),
       ('hblab', 3, 0, '2024-06-04'),
       ('user_3', 1, 0, '2024-06-05'),
       ('user_8', 1, 2000, '2024-06-12'),
       ('user_14', 1, 500, '2024-06-19'),
       ('user_1', 1, 0, '2024-06-26'),
       ('user_6', 1, 1000, '2024-07-03'),
       ('user_9', 1, 750, '2024-07-10'),
       ('user_2', 1, 1500, '2024-07-17'),
       ('user_17', 1, 300, '2024-07-24'),
       ('user_5', 1, 2000, '2024-07-31'),
       ('user_10', 1, 1800, '2024-08-07'),
       ('user_7', 1, 0, '2024-08-14'),
       ('user_11', 1, 1200, '2024-08-21'),
       ('user_12', 1, 300, '2024-08-28'),
       ('user_13', 1, 600, '2024-09-04'),
       ('user_16', 1, 1700, '2024-09-11'),
       ('user_15', 1, 0, '2024-09-18'),
       ('user_4', 1, 500, '2024-09-25'),
       ('user_18', 1, 200, '2024-10-02'),
       ('user_20', 1, 800, '2024-10-09'),
       ('user_19', 1, 100, '2024-10-16'),
       ('user_6', 1, 1500, '2024-10-23'),
       ('user_8', 1, 0, '2024-10-30'),
       ('user_3', 1, 1300, '2024-11-06'),
       ('user_1', 1, 300, '2024-11-13'),
       ('user_14', 1, 1600, '2024-11-20'),
       ('user_5', 1, 700, '2024-11-27'),
       ('user_7', 1, 2000, '2024-12-04'),
       ('user_10', 1, 1100, '2024-12-11'),
       ('user_13', 1, 900, '2024-12-18'),
       ('user_17', 1, 1400, '2024-12-25'),
       ('user_2', 2, 0, '2025-01-01'),
       ('user_4', 2, 700, '2025-01-08'),
       ('user_9', 2, 1600, '2025-01-15'),
       ('user_15', 2, 500, '2025-01-22'),
       ('user_18', 2, 2000, '2025-01-29'),
       ('user_11', 3, 1200, '2025-02-05'),
       ('user_16', 3, 0, '2025-02-12'),
       ('user_19', 3, 1800, '2025-02-19'),
       ('user_12', 3, 200, '2025-02-26'),
       ('user_20', 3, 900, '2025-03-05');

INSERT INTO order_item(order_id, item_id, quantity, price)
VALUES (1, 1, 10, 4900),
       (1, 2, 2, 9900),
       (2, 1, 1, 5000),
       (3, 1, 1, 10000),
       (4, 1, 4, 5000),
       (5, 1, 1, 5000),
       (5, 2, 1, 10000),
       (6, 29, 21, 14318),
       (7, 47, 27, 17210),
       (8, 38, 13, 30195),
       (9, 1, 12, 5175),
       (9, 2, 7, 9897),
       (9, 3, 10, 18037),
       (10, 4, 18, 12022),
       (11, 5, 20, 14594),
       (11, 9, 7, 29775),
       (11, 15, 17, 14660),
       (11, 21, 12, 16183),
       (11, 27, 2, 12850),
       (11, 31, 19, 26617),
       (11, 37, 10, 31215),
       (11, 43, 8, 21974),
       (11, 49, 19, 15635),
       (11, 53, 12, 36040),
       (11, 59, 15, 80492),
       (12, 7, 13, 21915),
       (12, 13, 19, 24190),
       (12, 19, 1, 35249),
       (12, 23, 15, 21182),
       (12, 29, 15, 15291),
       (12, 35, 10, 16560),
       (12, 41, 1, 19747),
       (12, 45, 19, 25529),
       (12, 51, 16, 43441),
       (12, 57, 14, 13217),
       (13, 2, 8, 10292),
       (13, 8, 11, 15403),
       (13, 14, 3, 17094),
       (13, 15, 14, 15638),
       (13, 24, 7, 20627),
       (13, 30, 2, 15286),
       (13, 36, 10, 21764),
       (13, 40, 9, 19904),
       (13, 46, 1, 26978),
       (13, 52, 13, 64966),
       (13, 58, 2, 22444),
       (14, 1, 10, 5214),
       (14, 7, 7, 21102),
       (14, 17, 2, 41725),
       (14, 18, 7, 12056),
       (14, 23, 10, 20563),
       (14, 29, 2, 15553),
       (14, 33, 15, 23555),
       (14, 39, 12, 21087),
       (14, 45, 12, 24716),
       (14, 51, 15, 43907),
       (14, 55, 1, 26279),
       (15, 5, 8, 14457),
       (15, 7, 10, 22444),
       (15, 11, 10, 18567),
       (15, 21, 14, 16187),
       (15, 27, 20, 12826),
       (15, 33, 2, 22002),
       (15, 37, 10, 31767),
       (15, 43, 2, 20389),
       (15, 49, 17, 16672),
       (15, 55, 14, 25969),
       (15, 59, 16, 76228),
       (16, 5, 13, 14594),
       (16, 11, 18, 18635),
       (16, 17, 10, 38870),
       (16, 21, 15, 15682),
       (16, 27, 2, 12615),
       (16, 33, 3, 22699),
       (16, 39, 13, 20300),
       (16, 43, 8, 20436),
       (16, 49, 19, 16182),
       (16, 55, 15, 26117),
       (17, 2, 8, 9713),
       (17, 12, 19, 20059),
       (17, 18, 16, 11956),
       (17, 24, 10, 21899),
       (17, 28, 7, 30128),
       (17, 34, 15, 22281),
       (17, 40, 13, 19747),
       (17, 46, 19, 27608),
       (17, 50, 4, 16408),
       (17, 56, 10, 43763),
       (18, 3, 16, 17799),
       (18, 9, 14, 30342),
       (18, 12, 19, 19996),
       (18, 19, 7, 34509),
       (18, 25, 20, 19572),
       (18, 31, 1, 26610),
       (18, 35, 16, 16223),
       (18, 41, 19, 18609),
       (18, 47, 10, 17822),
       (18, 53, 17, 35678),
       (18, 57, 19, 12692),
       (19, 10, 16, 20353),
       (19, 16, 9, 9906),
       (19, 22, 12, 15730),
       (19, 26, 8, 20108),
       (19, 32, 19, 27150),
       (19, 38, 7, 30349),
       (19, 44, 1, 21908),
       (19, 48, 12, 18451),
       (19, 54, 4, 57476),
       (19, 60, 16, 38162),
       (20, 10, 17, 20119),
       (21, 19, 11, 35003),
       (22, 6, 10, 25287),
       (22, 12, 19, 20641),
       (22, 22, 14, 16104),
       (22, 28, 13, 30737),
       (22, 34, 16, 22436),
       (22, 38, 14, 30602),
       (22, 44, 2, 22469),
       (22, 50, 4, 15306),
       (22, 56, 17, 43493),
       (22, 60, 19, 41148),
       (23, 5, 20, 14936),
       (24, 3, 19, 17565),
       (24, 13, 1, 24651),
       (24, 19, 13, 34091),
       (24, 25, 20, 18408),
       (24, 29, 20, 14856),
       (24, 35, 14, 15878),
       (24, 41, 14, 18536),
       (24, 47, 8, 17765),
       (24, 51, 8, 43501),
       (24, 57, 15, 12773),
       (25, 13, 13, 25055),
       (26, 8, 18, 15474),
       (26, 14, 2, 16738),
       (26, 20, 11, 23789),
       (26, 24, 1, 21252),
       (26, 30, 2, 15003),
       (26, 36, 10, 21390),
       (26, 42, 17, 17870),
       (26, 46, 17, 26772),
       (26, 52, 13, 62688),
       (26, 58, 20, 22285),
       (27, 3, 19, 18485),
       (27, 9, 9, 31393),
       (27, 15, 11, 14264),
       (27, 16, 16, 10245),
       (27, 25, 9, 18239),
       (27, 31, 14, 26084),
       (27, 37, 10, 31398),
       (27, 41, 19, 19330),
       (27, 47, 10, 17614),
       (27, 53, 11, 35084),
       (27, 59, 13, 76007),
       (28, 6, 16, 25281),
       (28, 16, 17, 9884),
       (28, 22, 18, 16641),
       (28, 28, 11, 30799),
       (28, 32, 17, 26732),
       (28, 38, 10, 30062),
       (28, 44, 1, 22359),
       (28, 50, 10, 15629),
       (28, 54, 5, 59288),
       (28, 60, 4, 38166),
       (29, 6, 18, 24003),
       (29, 8, 11, 15152),
       (29, 12, 15, 20288),
       (29, 18, 1, 12051),
       (29, 28, 17, 30366),
       (29, 34, 18, 23485),
       (29, 40, 16, 19965),
       (29, 44, 9, 22179),
       (29, 50, 20, 15589),
       (29, 56, 19, 42750),
       (30, 22, 11, 15993),
       (31, 1, 1, 4811),
       (31, 11, 13, 18274),
       (31, 17, 14, 38356),
       (31, 23, 10, 20703),
       (31, 27, 20, 12727),
       (31, 33, 3, 22285),
       (31, 39, 10, 20456),
       (31, 45, 18, 24075),
       (31, 49, 13, 15555),
       (31, 55, 3, 26083),
       (32, 2, 10, 10074),
       (32, 8, 3, 14947),
       (32, 18, 1, 11843),
       (32, 24, 7, 21016),
       (32, 30, 16, 14725),
       (32, 34, 4, 23620),
       (32, 40, 18, 19163),
       (32, 46, 13, 26895),
       (32, 52, 11, 61775),
       (32, 56, 12, 45781),
       (33, 20, 18, 25251),
       (34, 11, 17, 18362),
       (35, 1, 15, 4799),
       (35, 7, 18, 22718),
       (35, 13, 14, 24041),
       (35, 23, 14, 21542),
       (35, 29, 10, 14759),
       (35, 35, 12, 16186),
       (35, 39, 18, 20042),
       (35, 45, 12, 25164),
       (35, 51, 15, 43815),
       (35, 57, 15, 12604),
       (36, 4, 19, 11528),
       (36, 14, 18, 17291),
       (36, 20, 13, 25056),
       (36, 26, 1, 19996),
       (36, 30, 20, 15124),
       (36, 36, 17, 22325),
       (36, 42, 19, 17290),
       (36, 48, 14, 18260),
       (36, 52, 9, 65008),
       (36, 58, 2, 23793),
       (37, 6, 12, 25208),
       (38, 9, 2, 29013),
       (38, 15, 14, 15124),
       (38, 21, 16, 15993),
       (38, 25, 19, 19688),
       (38, 31, 17, 25827),
       (38, 37, 10, 31109),
       (38, 43, 10, 20959),
       (38, 47, 9, 17357),
       (38, 53, 19, 36248),
       (38, 59, 14, 76007),
       (39, 4, 18, 12051),
       (39, 10, 16, 20188),
       (39, 14, 19, 17409),
       (39, 20, 13, 25893),
       (39, 26, 12, 19139),
       (39, 32, 13, 27072),
       (39, 36, 6, 22530),
       (39, 42, 6, 18567),
       (39, 48, 16, 18516),
       (39, 54, 9, 58215),
       (39, 58, 9, 22692),
       (40, 4, 3, 11463),
       (40, 10, 10, 19746),
       (40, 16, 11, 10300),
       (40, 17, 14, 38166),
       (40, 26, 6, 20120),
       (40, 32, 11, 27244),
       (40, 38, 1, 29904),
       (40, 42, 19, 17565),
       (40, 48, 13, 18889),
       (40, 54, 18, 59711),
       (40, 60, 16, 38162);
